id;annee_begin;mois_begin;annee_end;mois_end;matricule;code;lib_en;lib_ar;lib_fr;annee;val_payroll;nb_days_leave;pour_val_payroll;dateop;modified_by;created_by;op;util;is_deleted;created_date;modified_date
1;58256;84668;67100;99171;up indexing bypass;up SQL Michigan;mobile;Rubber feed neural;Loan e-tailers sticky;23299;66227;69916;87007;2021-11-07T20:22:48;Tuna;Sleek Wooden;navigating;Re-engineered fresh-thinking;true;2021-11-08T05:04:36;2021-11-07T23:41:37
2;18599;65537;46162;12066;strategic Sports;African France portals;lavender Account whiteboard;deposit;Dynamic vortals Montana;77926;38309;18545;93739;2021-11-08T05:46:39;Unbranded Latvia;Account;fuchsia Leu;invoice convergence Route;false;2021-11-08T06:52:58;2021-11-07T21:32:48
3;31379;87864;2993;26581;invoice;blockchains SDD Roads;capacity;overriding gold Georgia;Orchestrator Object-based;96078;81293;62448;23838;2021-11-07T21:14:05;Compatible one-to-one Tuna;Direct;Bedfordshire;Nevada Account connecting;true;2021-11-08T10:42:38;2021-11-07T17:07:15
4;67955;9876;4996;24115;calculating;dot-com withdrawal;Shoes;Granite input;index Leone Account;37878;33354;97468;41232;2021-11-08T01:36:33;Shilling distributed interactive;Operations;Crossroad Uganda hierarchy;Dynamic;true;2021-11-07T20:40:57;2021-11-08T02:46:26
5;29182;13877;52185;40004;hard auxiliary Jordan;RAM generate Buckinghamshire;scale Movies;Fiji;Iran attitude-oriented;26627;15614;80899;84052;2021-11-08T01:05:08;payment reinvent;SMS Switzerland Accounts;THX;Officer;false;2021-11-08T10:09:43;2021-11-08T05:11:46
6;79057;22096;92665;8325;Antilles Cambridgeshire;Concrete;generate Sleek;transparent;digital;30449;21856;71924;51628;2021-11-08T01:26:00;bypass;up transmitter;monitor;Islands Bike;true;2021-11-08T10:39:38;2021-11-07T17:57:12
7;48064;47082;50946;62300;Rest;evolve Fresh Assurance;distributed;Spur convergence Bacon;content;36609;764;63968;78350;2021-11-08T04:31:28;Centralized overriding Automotive;productize Analyst evolve;Music;Account;false;2021-11-08T04:49:55;2021-11-08T12:19:10
8;54334;64000;17157;38645;Jersey;pixel;Producer Progressive;SDD task-force;Generic Isle;19885;88500;86211;97509;2021-11-08T02:02:09;Chips;scalable complexity Village;Buckinghamshire;Litas system;false;2021-11-08T00:39:59;2021-11-08T10:48:29
9;97619;24739;63398;13233;silver payment;Inverse;navigate;Direct;Division redundant;53900;87931;32754;56620;2021-11-08T04:27:26;Bedfordshire;Usability hack;compress neural;Handmade Car;true;2021-11-08T10:07:03;2021-11-07T14:50:26
10;10782;20328;99210;4670;Fantastic;Functionality;Metal;website;neural redefine;83915;5131;83614;18954;2021-11-08T00:27:35;Keyboard Forward;Customizable robust green;Dram Fantastic;CFP;true;2021-11-08T00:39:28;2021-11-08T02:34:41
