id;code;lib_ar;lib_en;util;dateop;modified_by;op;is_deleted;created_date;modified_date
1;Ouguiya;Money;Practical array;Roads magnetic artificial;2021-11-07T21:10:59;red Unbranded;California;false;2021-11-08T08:46:45;2021-11-07T18:19:53
2;connecting Shoes Granite;Executive;Regional Central;Sleek Orchestrator;2021-11-08T01:51:25;Car neural;withdrawal;true;2021-11-07T15:27:47;2021-11-07T16:34:29
3;Analyst;experiences Maine Michigan;Chips;Belize withdrawal;2021-11-08T11:40:19;Cotton;cultivate Investor Ball;true;2021-11-08T06:11:47;2021-11-07T19:58:22
4;Future-proofed driver Accountability;back-end FTP workforce;solid parsing;blue Kip;2021-11-08T04:16:48;Practical Station;Serbia Account;false;2021-11-08T08:56:40;2021-11-08T11:23:10
5;Strategist Wisconsin;e-business;Representative Refined Hat;users Mouse;2021-11-08T12:43:21;Functionality;world-class;false;2021-11-08T12:44:18;2021-11-07T22:47:43
6;interfaces Intelligent;eyeballs;gold Toys;Avon Plastic transition;2021-11-07T16:00:33;Saudi;white indexing;false;2021-11-07T23:36:55;2021-11-07T19:10:02
7;Granite Lead withdrawal;blue Buckinghamshire service-desk;index;XML Keyboard;2021-11-08T03:48:14;maximize Computer index;virtual deposit Borders;true;2021-11-08T02:03:22;2021-11-07T16:37:51
8;SDD Horizontal;FTP;Fish enable;Virginia;2021-11-08T02:54:44;Administrator index;Bacon Account invoice;true;2021-11-08T04:47:11;2021-11-07T22:21:47
9;USB quantify 1080p;Cotton withdrawal action-items;synthesize Cotton;Total digital flexibility;2021-11-07T19:54:30;Principal input;encryption online;true;2021-11-07T16:37:46;2021-11-08T12:32:45
10;hack;override Principal;Kansas Kroon back-end;Guarani;2021-11-08T08:37:28;Principal;Concrete lavender;true;2021-11-07T22:12:01;2021-11-08T05:17:49
