id;code;lib_ar;lib_en;util;dateop;nb_days;value_paied;modified_by;op;is_deleted;created_date;modified_date
1;Buckinghamshire;Universal up;Maryland payment Cambridgeshire;invoice program Developer;2021-11-07T14:47:22;78816;10877;Assurance Coordinator;Handmade Internal;true;2021-11-08T10:41:58;2021-11-08T02:08:50
2;lavender Sleek;payment Pine;Investor Forward;input;2021-11-08T09:54:33;96087;89307;Tasty;Proactive Planner Manager;true;2021-11-08T12:25:25;2021-11-07T20:13:37
3;Keys Decentralized;auxiliary;1080p heuristic innovate;Global Steel quantifying;2021-11-07T15:05:01;81690;61683;Movies;CSS Road;true;2021-11-07T14:04:14;2021-11-07T21:52:25
4;Buckinghamshire application;mindshare;Mouse next-generation Borders;Data;2021-11-08T03:51:17;46827;56784;Object-based moderator;payment Minnesota Front-line;false;2021-11-08T06:43:38;2021-11-08T08:43:49
5;withdrawal Lodge;asymmetric Florida database;Producer;bottom-line e-enable Customer-focused;2021-11-08T01:14:40;91884;38435;Games Books;Towels schemas;false;2021-11-07T14:29:40;2021-11-07T22:50:29
6;Ergonomic;Loan;artificial Estonia yellow;zero intangible Unbranded;2021-11-07T19:30:39;60854;53061;Maine;Plastic Malta;false;2021-11-08T02:51:33;2021-11-07T17:00:49
7;exploit state;card Architect value-added;THX South;compressing hacking;2021-11-08T00:25:47;8390;85937;Manager encoding Customer;Officer;true;2021-11-07T21:51:17;2021-11-08T02:56:19
8;De-engineered View Creative;Cotton help-desk Nebraska;Account systems generation;Rue Sleek communities;2021-11-07T23:16:04;32650;21451;invoice;paradigms front-end;true;2021-11-08T04:10:59;2021-11-07T14:57:13
9;navigating input BEAC;Administrator Visionary;collaborative;Computers Plastic Cambridgeshire;2021-11-08T03:31:29;35358;60134;Fish;card Bedfordshire empower;false;2021-11-07T15:41:21;2021-11-08T11:06:14
10;Berkshire Generic;payment methodologies Gloves;Somalia;withdrawal withdrawal Future;2021-11-08T02:50:21;88535;8216;indigo;Avon Trail mindshare;true;2021-11-07T19:50:54;2021-11-07T21:28:01
