id;code;lib_ar;lib_en;tel;email;fax;util;dateop;modified_by;op;is_deleted
1;24/7;regional African;auxiliary deposit;Usability;Brenda30@gmail.com;silver;asymmetric scale invoice;2021-11-08T03:53:10;Wooden GB;neural Maine connecting;true
2;function;customized override;rich;Avon Concrete Programmable;Zetta_Cartwright40@yahoo.com;Group initiatives Salad;quantify ROI Manager;2021-11-07T16:50:48;Estonia deposit Bedfordshire;programming overriding models;true
3;Drive;robust deposit Rubber;Credit Analyst experiences;Crest;Ebony.Pollich@hotmail.com;Gorgeous Kids holistic;Forward Granite;2021-11-07T22:39:32;Savings migration;transmitting;false
4;cross-platform;Market Group supply-chains;Florida Communications;grey Radial;Shanny_Von47@yahoo.com;enhance;empower programming;2021-11-08T07:59:48;Rustic;deposit Rustic digital;true
5;Lodge;superstructure;Markets Soft overriding;invoice;Edgardo.Daniel90@yahoo.com;Market bluetooth;Rubber;2021-11-08T02:07:38;Pizza Account;state Bedfordshire;true
6;Ville sky;lavender;Massachusetts violet;Florida end-to-end;Gunnar_Sanford22@gmail.com;Direct Sports;product Dollar Investment;2021-11-08T02:01:45;Illinois Small;Regional;false
7;Checking;synthesize RAM;clicks-and-mortar indigo 1080p;Principal Developer multi-byte;Tracy.Cormier@hotmail.com;Cotton;copy Zimbabwe;2021-11-08T02:55:59;Way Interface;Nevada;true
8;input;web-enabled;generating PCI;Specialist;Dahlia.Brakus@yahoo.com;Avon Awesome;Plains;2021-11-08T02:16:22;hub;integrated;true
9;radical Cotton Human;Aruban Gorgeous capacity;pink Incredible Alley;Account Berkshire;Timothy.Waelchi77@gmail.com;program enterprise Multi-tiered;Throughway;2021-11-07T23:33:40;Global multi-byte;envisioneer Program;false
10;open-source deposit card;capability;regional;Books Croatia;Kiera_Huel70@gmail.com;loyalty Alabama;deposit;2021-11-08T08:01:21;Sausages Maryland;synergize;false
