id;util;dateop;modified_by;created_by;op;is_deleted;created_date;modified_date
1;Macao compress;2021-11-07T17:59:17;seize Bike;microchip Orchestrator;Meadow payment firewall;false;2021-11-08T05:07:35;2021-11-08T12:06:52
2;maroon sticky white;2021-11-08T11:47:23;invoice;Walks service-desk Electronics;virtual;true;2021-11-08T00:32:43;2021-11-07T13:37:47
3;Mills envisioneer Washington;2021-11-07T21:52:14;infrastructure;harness Assistant;visionary;false;2021-11-07T20:15:20;2021-11-07T22:19:47
4;multi-byte;2021-11-08T00:01:20;Syrian;vortals;mission-critical niches;true;2021-11-08T01:02:21;2021-11-07T21:34:29
5;alarm;2021-11-08T09:42:26;Car Clothing Chicken;Rest New;transmitter optical Computers;false;2021-11-07T23:08:13;2021-11-08T01:14:49
6;hacking azure Loan;2021-11-08T10:51:45;invoice Malaysia;connect Awesome;De-engineered California hack;true;2021-11-07T16:09:03;2021-11-08T11:13:08
7;Sleek PCI grey;2021-11-07T22:05:02;invoice;Soft;cyan;false;2021-11-08T07:35:31;2021-11-08T03:05:40
8;Money;2021-11-07T23:57:18;XML deposit Industrial;Ball Practical systemic;Bike;false;2021-11-08T09:53:03;2021-11-08T04:23:08
9;back eyeballs Orchestrator;2021-11-08T03:21:43;deploy;port Jersey compress;program;true;2021-11-08T02:20:53;2021-11-07T15:27:09
10;Planner;2021-11-08T09:26:17;Massachusetts;schemas;index Associate Bedfordshire;true;2021-11-07T21:51:37;2021-11-08T02:40:01
